{"mean": [22.164510166358596, 0.6321626617375231, 0.28835489833641403, 0.5471349353049908, 0.37707948243992606, 0.3567467652495379, 0.6580406654343808, 0.2846580406654344, 0.23105360443622922, 0.33086876155268025, 0.27171903881700554, 0.2513863216266174, 0.17005545286506468, 0.33086876155268025, 0.7097966728280961, 0.6303142329020333, 0.20517560073937152, 0.24953789279112754, 0.4676524953789279, 0.3364140480591497, 0.36968576709796674, 0.33271719038817005, 0.4011090573012939, 0.2476894639556377, 0.10351201478743069, 0.28650646950092423, 0.0, 0.2199630314232902], "scale": [8.313225615787827, 0.48221678822128644, 0.4529970760852771, 0.49777333985840816, 0.4846550797864018, 0.4790391536539878, 0.4743660486049335, 0.4512514161196065, 0.4215066266540251, 0.4705259017113467, 0.4448458190894551, 0.43381014156616515, 0.3756815084828138, 0.4705259017113467, 0.4538560962136135, 0.4827195880665654, 0.4038298820055415, 0.4327455751968947, 0.4989525417760588, 0.47248241906721333, 0.4827195880665654, 0.471186228160769, 0.4901230268536271, 0.4316704685301121, 0.3046264558144572, 0.4521288670667249, 1.0, 0.4142213131049232], "var": [69.10972013899091, 0.232533030842453, 0.20520635094181033, 0.2477782978737943, 0.23489054636276352, 0.22947851073352896, 0.2250231480690581, 0.20362784054995026, 0.1776678363132557, 0.22139462418127587, 0.1978878027613682, 0.18819123892565623, 0.1411365958159225, 0.22139462418127587, 0.2059853560702608, 0.2330182007031546, 0.16307857360060954, 0.18726873285249124, 0.2489536389447897, 0.2232396363276058, 0.2330182007031546, 0.22201646160837224, 0.24022058145216124, 0.1863393934010065, 0.09279727758207743, 0.2044205124350402, 0.0, 0.17157929623036686]}